date_key,date,experiment_day,experiment_week,day_of_week,day_name,is_weekend
20260601,2026-06-01,1,1,1,Monday,false
20260602,2026-06-02,2,1,2,Tuesday,false
20260603,2026-06-03,3,1,3,Wednesday,false
20260604,2026-06-04,4,1,4,Thursday,false
20260605,2026-06-05,5,1,5,Friday,false
20260606,2026-06-06,6,1,6,Saturday,true
20260607,2026-06-07,7,1,7,Sunday,true
20260608,2026-06-08,8,2,1,Monday,false
20260609,2026-06-09,9,2,2,Tuesday,false
20260610,2026-06-10,10,2,3,Wednesday,false
20260611,2026-06-11,11,2,4,Thursday,false
20260612,2026-06-12,12,2,5,Friday,false
20260613,2026-06-13,13,2,6,Saturday,true
20260614,2026-06-14,14,2,7,Sunday,true
20260615,2026-06-15,15,3,1,Monday,false
20260616,2026-06-16,16,3,2,Tuesday,false
20260617,2026-06-17,17,3,3,Wednesday,false
20260618,2026-06-18,18,3,4,Thursday,false
20260619,2026-06-19,19,3,5,Friday,false
20260620,2026-06-20,20,3,6,Saturday,true
20260621,2026-06-21,21,3,7,Sunday,true
20260622,2026-06-22,22,4,1,Monday,false
20260623,2026-06-23,23,4,2,Tuesday,false
20260624,2026-06-24,24,4,3,Wednesday,false
20260625,2026-06-25,25,4,4,Thursday,false
20260626,2026-06-26,26,4,5,Friday,false
20260627,2026-06-27,27,4,6,Saturday,true
20260628,2026-06-28,28,4,7,Sunday,true
